<?xml version="1.0" encoding="UTF-8"?>
<project-private xmlns="http://www.netbeans.org/ns/project-private/1">
    <editor-bookmarks xmlns="http://www.netbeans.org/ns/editor-bookmarks/2" lastBookmarkId="0"/>
    <open-files xmlns="http://www.netbeans.org/ns/projectui-open-files/2">
        <group>
            <file>file:/C:/Users/Aula%20E5/Documents/NetBeansProjects/Sesion3/src/com/client/ClienteChat.java</file>
            <file>file:/C:/Users/Aula%20E5/Documents/NetBeansProjects/Sesion3/src/com/cic/IChat.java</file>
            <file>file:/C:/Users/Aula%20E5/Documents/NetBeansProjects/Sesion3/src/com/server/ServidorChat.java</file>
            <file>file:/C:/Users/Aula%20E5/Documents/NetBeansProjects/Sesion3/src/com/server/Chat.java</file>
        </group>
    </open-files>
</project-private>
